five_mer,WO 0 WO Pauses,WO 0 With Pauses,With 0 WO Pauses,With 0 With Pauses,,WO 0 WO Pauses,With 0 WO Pauses
AAAAA,1.0297,1.2053,0.6264,0.7402,,3.1172,0.8127
AAAAC,1.0765,1.3854,0.7113,0.9272,,2.7712,0.6489
AAAAG,1.3251,1.8309,0.9332,1.3168,,3.0026,0.6938
AAAAT,1.0738,1.3012,0.6993,0.8564,,3.0508,0.7213
AAACA,0.9636,1.0887,0.5985,0.6804,,2.9630,0.7201
AAACC,0.9021,1.0120,0.5270,0.5958,,2.6260,0.6578
AAACG,1.1321,1.4212,0.7208,0.9172,,3.0312,0.7250
AAACT,1.0326,1.5122,0.6606,0.9780,,3.0692,0.7560
AAAGA,1.1459,1.4260,0.7751,0.9786,,2.9092,0.7012
AAAGC,1.1379,1.4885,0.7385,0.9810,,2.7517,0.6618
AAAGG,1.3932,2.0203,1.0315,1.5287,,2.7464,0.6305
AAAGT,1.1940,1.7061,0.8016,1.1675,,2.9835,0.7327
AAATA,1.3339,1.9747,0.9405,1.4275,,3.1385,0.7393
AAATC,1.2530,1.6125,0.8747,1.1434,,3.0229,0.7416
AAATG,1.6343,3.0898,1.3069,2.5534,,2.9294,0.6943
AAATT,1.2285,1.6281,0.8629,1.1628,,3.1565,0.8240
AACAA,0.9360,0.9969,0.5979,0.6394,,2.6933,0.5370
AACAC,0.8381,0.8888,0.5058,0.5376,,2.6565,0.5100
AACAG,1.0147,1.1862,0.6246,0.7377,,2.6129,0.4766
AACAT,0.8183,0.9209,0.4848,0.5485,,2.6450,0.5622
AACCA,0.9134,0.9804,0.5746,0.6195,,2.6170,0.5959
AACCC,0.8076,0.8573,0.4646,0.4949,,2.7710,0.6545
AACCG,0.9072,0.9596,0.5760,0.6115,,2.6166,0.5501
AACCT,0.9189,1.3198,0.5621,0.8131,,2.6811,0.5690
AACGA,0.8776,0.9112,0.5191,0.5399,,2.7372,0.5185
AACGC,0.8832,0.9244,0.5168,0.5427,,2.5206,0.5155
AACGG,1.0994,1.2147,0.7153,0.7942,,2.6151,0.5206
AACGT,0.9965,1.3807,0.6268,0.8750,,2.6355,0.5904
AACTA,1.2798,1.5925,0.9468,1.1930,,2.8798,0.6599
AACTC,1.0880,1.3698,0.7171,0.9153,,2.6545,0.5631
AACTG,1.3560,1.8697,1.0084,1.4177,,2.7211,0.6201
AACTT,1.0030,1.1269,0.6369,0.7208,,2.6761,0.5809
AAGAA,0.9035,0.9506,0.5570,0.5882,,2.7547,0.6170
AAGAC,0.8696,0.9094,0.4975,0.5217,,2.6507,0.6187
AAGAG,1.1128,1.2742,0.7422,0.8581,,2.7318,0.6026
AAGAT,0.8393,0.9344,0.4831,0.5407,,2.6314,0.5728
AAGCA,0.8571,0.9318,0.4997,0.5450,,2.7937,0.6052
AAGCC,0.7997,0.8075,0.4664,0.4714,,2.6727,0.6145
AAGCG,0.9416,1.0608,0.5471,0.6202,,2.7386,0.5496
AAGCT,0.8647,1.1838,0.5194,0.7177,,2.6382,0.6588
AAGGA,0.9091,1.0004,0.5419,0.6005,,2.4977,0.5411
AAGGC,0.7773,0.8463,0.4079,0.4467,,2.4740,0.5692
AAGGG,1.0932,1.3844,0.7122,0.9174,,2.6596,0.5199
AAGGT,0.8897,1.0372,0.5471,0.6421,,2.7231,0.6471
AAGTA,1.2282,1.4986,0.8443,1.0424,,3.0245,0.6622
AAGTC,1.0361,1.1335,0.6851,0.7551,,2.5391,0.6118
AAGTG,1.3692,1.9698,0.9757,1.4374,,2.9708,0.6355
AAGTT,0.9781,1.1087,0.6187,0.7071,,2.7286,0.6619
AATAA,0.7541,0.8036,0.3639,0.3893,,2.8804,0.5415
AATAC,0.7129,1.0388,0.3483,0.5105,,2.6891,0.5713
AATAG,0.7110,0.7454,0.3047,0.3202,,2.8947,0.5094
AATAT,0.7293,0.8285,0.3344,0.3815,,2.8087,0.5681
AATCA,0.7157,0.7489,0.3634,0.3813,,2.8544,0.6392
AATCC,0.6594,0.6802,0.3207,0.3316,,2.7303,0.6254
AATCG,0.6979,0.7082,0.3229,0.3280,,2.8056,0.5975
AATCT,0.7248,1.3248,0.3623,0.6685,,2.7534,0.6391
AATGA,0.7121,0.7659,0.3248,0.3502,,2.7905,0.5572
AATGC,0.6307,0.7560,0.2888,0.3487,,2.8526,0.5261
AATGG,0.7113,0.8975,0.3420,0.4341,,2.5411,0.5047
AATGT,0.6614,0.8084,0.3005,0.3699,,2.7373,0.5678
AATTA,0.9307,0.9918,0.5729,0.6124,,2.8757,0.6610
AATTC,0.7732,0.7943,0.4075,0.4194,,2.7399,0.6025
AATTG,0.8668,1.0039,0.5147,0.5985,,2.7945,0.6690
AATTT,0.7027,0.7302,0.3426,0.3562,,2.8889,0.6649
ACAAA,1.3716,1.7970,1.0282,1.3681,,2.8211,0.6488
ACAAC,1.3831,1.8331,1.0540,1.4193,,2.4986,0.4728
ACAAG,1.6290,2.7309,1.3205,2.2776,,2.5169,0.5646
ACAAT,1.3118,1.7774,0.9826,1.3554,,2.7542,0.5209
ACACA,1.1438,1.3150,0.8086,0.9357,,2.5129,0.4955
ACACC,1.1576,1.2905,0.8129,0.9133,,2.4629,0.5467
ACACG,1.2905,1.7038,0.9698,1.2977,,2.4537,0.4901
ACACT,1.1563,1.7453,0.8317,1.2691,,2.6366,0.5594
ACAGA,1.3975,2.0480,1.0805,1.6180,,2.6754,0.5193
ACAGC,1.4149,2.1262,0.9882,1.5298,,2.7077,0.5296
ACAGG,1.7085,3.5195,1.4059,3.0073,,2.5756,0.5176
ACAGT,1.4863,2.5552,1.1584,2.0428,,2.8066,0.5425
ACATA,1.6183,3.0083,1.2568,2.4250,,2.4366,0.4610
ACATC,1.5655,2.5237,1.2738,2.1054,,2.4824,0.5205
ACATG,1.8370,4.2092,1.5421,3.6904,,2.5215,0.5289
ACATT,1.5150,2.3544,1.1964,1.9055,,2.4990,0.5023
ACCAA,0.9298,1.0103,0.6271,0.6844,,2.3444,0.4729
ACCAC,0.8985,0.9904,0.5389,0.5956,,2.2182,0.4078
ACCAG,0.9484,1.1221,0.6006,0.7170,,2.2457,0.4516
ACCAT,0.8368,1.1615,0.5070,0.7092,,2.3895,0.4727
ACCCA,1.0532,1.1989,0.7708,0.8820,,2.3350,0.4872
ACCCC,0.9154,1.0286,0.6335,0.7152,,2.7704,0.5366
ACCCG,1.1983,1.3122,0.7970,0.8789,,2.7876,0.5036
ACCCT,1.0901,1.8218,0.7729,1.3039,,2.6377,0.5121
ACCGA,1.0827,1.2613,0.7679,0.9006,,2.4604,0.4294
ACCGC,1.0198,1.3546,0.6969,0.9409,,2.2473,0.4420
ACCGG,1.2036,1.4727,0.8929,1.1035,,2.1928,0.4006
ACCGT,1.0805,1.5897,0.7801,1.1593,,2.2580,0.4695
ACCTA,1.3890,1.9063,1.0767,1.5009,,2.4483,0.4294
ACCTC,1.2133,1.5841,0.8485,1.1248,,2.5756,0.4700
ACCTG,1.4066,1.8551,1.0796,1.4401,,2.6644,0.5288
ACCTT,1.1040,1.3362,0.7617,0.9315,,2.4286,0.4374
ACGAA,0.9144,0.9953,0.5947,0.6496,,2.9029,0.6619
ACGAC,0.8270,0.8505,0.4721,0.4869,,2.6418,0.6006
ACGAG,1.0576,1.2688,0.6680,0.8102,,2.3561,0.4419
ACGAT,0.8026,0.9562,0.4519,0.5415,,2.7756,0.5490
ACGCA,0.9400,0.9474,0.5475,0.5522,,2.8178,0.5832
ACGCC,0.8206,0.8541,0.4648,0.4853,,2.6008,0.5811
ACGCG,0.9263,0.9551,0.5551,0.5737,,2.9535,0.5095
ACGCT,0.8544,1.3144,0.5181,0.8042,,2.3716,0.5177
ACGGA,0.9761,1.0874,0.6404,0.7171,,2.4661,0.5076
ACGGC,0.8226,0.8869,0.4710,0.5095,,2.6510,0.5399
ACGGG,1.1938,1.6081,0.8527,1.1626,,2.6475,0.5200
ACGGT,0.8694,0.8964,0.5738,0.5926,,2.2271,0.4716
ACGTA,1.2931,1.6375,0.9187,1.1809,,2.3860,0.4127
ACGTC,1.0777,1.2801,0.7135,0.8578,,2.4498,0.4834
ACGTG,1.4912,2.2533,1.1142,1.7312,,2.9235,0.6460
ACGTT,1.0363,1.2576,0.6932,0.8505,,2.6076,0.5448
ACTAA,0.9253,1.0021,0.5881,0.6382,,2.7866,0.5385
ACTAC,0.9217,0.9804,0.5935,0.6332,,2.4082,0.4651
ACTAG,0.9568,1.1164,0.6079,0.7140,,2.9153,0.5109
ACTAT,0.9097,0.9668,0.5636,0.6004,,2.6882,0.4804
ACTCA,1.0151,1.0880,0.6673,0.7177,,2.7828,0.6022
ACTCC,0.9102,0.9299,0.5909,0.6062,,2.3502,0.4995
ACTCG,0.9824,1.0582,0.6153,0.6663,,2.5078,0.4378
ACTCT,0.9381,1.3624,0.6412,0.9364,,2.5322,0.5631
ACTGA,0.9764,1.0771,0.6507,0.7217,,2.9227,0.5314
ACTGC,0.9726,1.1121,0.6313,0.7285,,2.4196,0.4724
ACTGG,1.1976,1.4383,0.8464,1.0277,,2.2640,0.4599
ACTGT,0.9882,1.0859,0.6748,0.7447,,2.2411,0.4036
ACTTA,1.3551,1.7495,1.0067,1.3164,,2.6638,0.5065
ACTTC,1.0752,1.2084,0.7533,0.8531,,2.5582,0.5161
ACTTG,1.2330,1.5666,0.9301,1.1971,,2.4175,0.5048
ACTTT,0.9870,1.0773,0.6380,0.6998,,2.4877,0.5006
AGAAA,1.1858,1.4247,0.8628,1.0478,,3.1733,0.9230
AGAAC,1.1772,1.4798,0.8467,1.0786,,2.8792,0.8373
AGAAG,1.4418,1.9741,1.1144,1.5550,,3.0523,0.8597
AGAAT,1.0895,1.3077,0.7478,0.9059,,2.9615,0.8096
AGACA,1.0386,1.1166,0.6880,0.7444,,3.0977,0.8687
AGACC,0.9562,1.0696,0.6284,0.7071,,2.8860,0.9196
AGACG,1.1672,1.3884,0.8229,0.9901,,3.1808,0.9188
AGACT,1.0327,1.2503,0.7032,0.8574,,2.9496,0.9580
AGAGA,1.3379,1.7959,1.0183,1.3909,,2.9345,0.8586
AGAGC,1.1614,1.4784,0.7950,1.0272,,2.8931,0.7711
AGAGG,1.5889,2.2961,1.2646,1.8636,,2.7547,0.7399
AGAGT,1.2117,1.6138,0.8673,1.1735,,2.9209,0.7577
AGATA,1.4738,2.2290,1.1527,1.7836,,3.0051,0.7281
AGATC,1.3043,1.6784,0.9663,1.2644,,2.9682,0.9249
AGATG,1.6644,3.1283,1.3724,2.6629,,2.8504,0.8150
AGATT,1.2671,1.5734,0.9297,1.1696,,2.9545,0.8614
AGCAA,1.0622,1.1373,0.6816,0.7339,,2.7533,0.6688
AGCAC,0.8545,0.8901,0.5103,0.5328,,2.9750,0.6438
AGCAG,1.0553,1.2143,0.6361,0.7376,,2.7828,0.5928
AGCAT,0.8592,0.9400,0.5078,0.5571,,2.9248,0.6227
AGCCA,1.0500,1.1029,0.7439,0.7840,,2.8245,0.7762
AGCCC,0.8751,0.9316,0.5558,0.5939,,2.8975,0.7999
AGCCG,0.9899,1.0882,0.6628,0.7342,,2.7942,0.7989
AGCCT,0.9527,1.3825,0.5853,0.8553,,3.0186,0.7720
AGCGA,0.9675,0.9881,0.5663,0.5783,,3.7270,0.8058
AGCGC,0.8306,0.8756,0.4573,0.4835,,2.8338,0.6665
AGCGG,1.0137,1.1295,0.6325,0.7095,,2.7881,0.7130
AGCGT,0.8897,1.1137,0.5266,0.6613,,2.9835,0.6939
AGCTA,1.4527,2.0581,1.1162,1.6193,,2.9060,0.7616
AGCTC,1.2763,1.5924,0.8935,1.1324,,2.6575,0.6770
AGCTG,1.4821,2.1126,1.1554,1.6772,,2.6016,0.6699
AGCTT,1.1050,1.1869,0.7697,0.8302,,2.7025,0.6737
AGGAA,0.6777,0.7866,0.3030,0.3535,,2.8217,0.7480
AGGAC,0.5902,0.7039,0.2125,0.2557,,2.8834,0.7428
AGGAG,0.7144,0.9917,0.3131,0.4394,,3.0615,0.7842
AGGAT,0.6286,0.7553,0.2234,0.2713,,2.7540,0.6875
AGGCA,0.7093,0.7533,0.3030,0.3231,,2.9459,0.7710
AGGCC,0.6159,0.6377,0.2552,0.2651,,2.7625,0.8336
AGGCG,0.7560,0.8430,0.3579,0.4022,,2.9205,0.8371
AGGCT,0.6248,0.9572,0.2848,0.4416,,2.6467,0.7696
AGGGA,0.7680,0.7945,0.3745,0.3878,,2.7600,0.6299
AGGGC,0.6393,0.6393,0.2475,0.2475,,2.9649,0.7589
AGGGG,0.8575,0.9429,0.4843,0.5365,,3.0429,0.6691
AGGGT,0.6135,0.6370,0.2908,0.3041,,2.5648,0.6936
AGGTA,0.9217,0.9694,0.5613,0.5925,,2.8215,0.7283
AGGTC,0.7645,0.8238,0.4119,0.4470,,2.7754,0.7563
AGGTG,1.0102,1.1082,0.6474,0.7138,,2.8017,0.7285
AGGTT,0.7044,0.7680,0.3669,0.4022,,2.7228,0.6982
AGTAA,0.7139,0.8324,0.3178,0.3717,,2.8543,0.6444
AGTAC,0.6431,0.7403,0.2779,0.3217,,2.7247,0.6443
AGTAG,0.6271,0.6277,0.2494,0.2495,,3.5029,0.7957
AGTAT,0.6485,0.7920,0.2655,0.3280,,2.7616,0.6512
AGTCA,0.6754,0.6754,0.3190,0.3193,,2.7919,0.6908
AGTCC,0.6025,0.6329,0.2525,0.2657,,2.8713,0.7196
AGTCG,0.6594,0.6594,0.2924,0.2935,,2.9729,0.8927
AGTCT,0.6034,0.6844,0.2795,0.3192,,2.5739,0.6605
AGTGA,0.6272,0.7264,0.2433,0.2829,,2.8479,0.6384
AGTGC,0.5933,0.6639,0.2150,0.2428,,2.8669,0.6648
AGTGG,0.6571,0.7076,0.2572,0.2778,,2.7648,0.6496
AGTGT,0.6244,0.8790,0.2097,0.2969,,2.6427,0.5839
AGTTA,0.9584,1.0553,0.6153,0.6823,,2.8480,0.6392
AGTTC,0.7159,0.7506,0.3950,0.4161,,2.8009,0.6969
AGTTG,0.8543,0.9399,0.5136,0.5690,,2.7005,0.6653
AGTTT,0.6935,0.7299,0.3341,0.3521,,2.8201,0.6964
ATAAA,1.2338,1.5669,0.8502,1.0956,,2.7605,0.5858
ATAAC,1.2064,1.6583,0.8371,1.1713,,2.6718,0.4765
ATAAG,1.4960,2.4569,1.1311,1.9098,,2.6532,0.5003
ATAAT,1.2299,1.9099,0.8510,1.3518,,2.7298,0.5016
ATACA,0.9517,1.0687,0.5688,0.6437,,2.6481,0.5122
ATACC,0.8725,1.1618,0.5144,0.6913,,2.8318,0.5534
ATACG,1.0902,1.4292,0.7067,0.9416,,2.6506,0.5183
ATACT,0.8900,1.4128,0.5383,0.8599,,2.4889,0.5300
ATAGA,1.1339,1.5088,0.7398,1.0019,,2.6825,0.5246
ATAGC,1.0925,1.2696,0.6610,0.7771,,2.6653,0.4627
ATAGG,1.4717,2.3671,1.0178,1.6964,,2.6307,0.4719
ATAGT,1.2106,1.7057,0.7490,1.0788,,2.6907,0.4787
ATATA,1.3508,2.2766,0.9200,1.6035,,2.6022,0.4145
ATATC,1.4496,2.3519,1.0648,1.7780,,2.6456,0.4967
ATATG,1.7120,3.8501,1.3851,3.2424,,2.6174,0.4691
ATATT,1.3482,1.9472,0.9794,1.4455,,2.6607,0.4961
ATCAA,0.8490,0.9031,0.5269,0.5626,,2.4870,0.4527
ATCAC,0.7553,0.7892,0.3990,0.4179,,2.3805,0.4160
ATCAG,0.8186,0.8636,0.4574,0.4835,,2.6983,0.4861
ATCAT,0.7398,0.7836,0.4027,0.4270,,2.3178,0.4061
ATCCA,0.8702,0.9263,0.5452,0.5822,,2.4171,0.4891
ATCCC,0.7736,0.7945,0.4385,0.4507,,2.7819,0.5120
ATCCG,0.8351,0.8779,0.4899,0.5170,,2.4515,0.4296
ATCCT,0.8420,0.9691,0.4854,0.5609,,2.4466,0.4925
ATCGA,0.7526,0.7526,0.4226,0.4231,,2.7480,0.4580
ATCGC,0.7080,0.7197,0.3524,0.3594,,2.6661,0.3912
ATCGG,0.8475,0.9041,0.4808,0.5147,,2.3912,0.4530
ATCGT,0.7579,0.9279,0.4032,0.4951,,2.4728,0.3957
ATCTA,1.3302,1.6838,0.9813,1.2594,,2.4846,0.4405
ATCTC,1.1452,1.4385,0.8176,1.0399,,2.5803,0.4693
ATCTG,1.3316,2.0370,0.9995,1.5582,,2.4424,0.4084
ATCTT,0.9951,1.1086,0.6373,0.7155,,2.5686,0.4748
ATGAA,1.1004,1.2350,0.7623,0.8614,,2.6541,0.5766
ATGAC,1.0286,1.1935,0.6641,0.7770,,2.5843,0.5890
ATGAG,1.3554,1.9085,1.0191,1.4603,,2.8404,0.6041
ATGAT,1.0045,1.1270,0.6152,0.6962,,2.6189,0.5236
ATGCA,0.9750,1.1025,0.6152,0.6998,,2.6709,0.5176
ATGCC,0.9390,1.0387,0.5745,0.6396,,2.5842,0.5761
ATGCG,1.2182,1.7128,0.8498,1.2175,,2.9580,0.6003
ATGCT,1.0722,1.6092,0.7263,1.1026,,2.4913,0.5592
ATGGA,1.0505,1.2478,0.6823,0.8171,,2.6971,0.5511
ATGGC,0.9043,1.0085,0.5215,0.5858,,2.4409,0.5023
ATGGG,1.4718,2.0793,1.1184,1.6124,,2.4211,0.4795
ATGGT,0.9664,1.2970,0.6152,0.8312,,2.3774,0.4987
ATGTA,1.4350,2.1158,1.0907,1.6472,,2.7446,0.4709
ATGTC,1.3456,1.9988,1.0291,1.5582,,2.5499,0.5811
ATGTG,1.6077,3.3797,1.2809,2.8004,,2.5607,0.5259
ATGTT,1.3200,1.9115,0.9794,1.4474,,2.5337,0.5590
ATTAA,0.7108,0.7257,0.3641,0.3718,,2.5886,0.4690
ATTAC,0.6607,0.7143,0.2918,0.3161,,2.6733,0.5162
ATTAG,0.5980,0.6356,0.2487,0.2654,,2.6690,0.4550
ATTAT,0.6550,0.7462,0.2939,0.3363,,2.6235,0.4869
ATTCA,0.6887,0.7147,0.3455,0.3594,,2.5055,0.4887
ATTCC,0.6313,0.6362,0.2717,0.2738,,2.3552,0.4756
ATTCG,0.6401,0.6591,0.2851,0.2943,,2.5493,0.5707
ATTCT,0.6547,0.7914,0.3095,0.3756,,2.3672,0.4145
ATTGA,0.6217,0.6279,0.2957,0.2988,,2.6753,0.5518
ATTGC,0.5673,0.5678,0.2258,0.2264,,2.3993,0.4646
ATTGG,0.5934,0.6199,0.2581,0.2703,,2.5148,0.4932
ATTGT,0.5943,0.6388,0.2409,0.2601,,2.4646,0.4621
ATTTA,0.9401,1.0150,0.5514,0.5976,,2.5644,0.4774
ATTTC,0.7877,0.8583,0.4248,0.4644,,2.5993,0.4859
ATTTG,0.8751,0.9652,0.5220,0.5782,,2.5362,0.4899
ATTTT,0.7013,0.7202,0.3407,0.3498,,2.7514,0.5062
CAAAA,1.0358,1.1996,0.6332,0.7407,,4.4130,1.8229
CAAAC,1.0118,1.1944,0.6404,0.7620,,4.0496,1.5076
CAAAG,1.2014,1.5549,0.8185,1.0763,,3.9976,1.6136
CAAAT,1.0643,1.2823,0.6723,0.8195,,4.1081,1.6205
CAACA,0.9200,1.0124,0.5371,0.5936,,3.6773,1.3367
CAACC,0.8313,0.9952,0.4552,0.5487,,3.5115,1.4154
CAACG,0.9858,1.1556,0.6237,0.7388,,3.7657,1.4623
CAACT,0.9461,1.4650,0.5861,0.9182,,3.8533,1.5461
CAAGA,1.0985,1.3982,0.7286,0.9404,,4.0472,1.6542
CAAGC,1.0730,1.2445,0.6852,0.8015,,3.8618,1.5062
CAAGG,1.2994,1.8283,0.9458,1.3603,,3.5876,1.4305
CAAGT,1.1464,1.6228,0.7742,1.1174,,4.0087,1.5383
CAATA,1.2710,1.8157,0.9245,1.3482,,3.9941,1.4450
CAATC,1.2048,1.5368,0.8250,1.0692,,3.8815,1.5099
CAATG,1.5121,2.6132,1.1726,2.0876,,4.0203,1.4938
CAATT,1.1971,1.5572,0.8234,1.0884,,4.0344,1.5758
CACAA,0.8557,0.9125,0.4945,0.5293,,3.9540,1.4613
CACAC,0.7947,0.8385,0.4414,0.4661,,3.9710,1.3722
CACAG,0.9064,1.0042,0.5124,0.5721,,3.9073,1.3955
CACAT,0.7978,0.8844,0.4310,0.4796,,3.8404,1.4469
CACCA,0.8493,0.9006,0.5093,0.5414,,3.6023,1.3973
CACCC,0.8401,0.8972,0.4626,0.4958,,3.6860,1.3300
CACCG,0.7536,0.7797,0.4537,0.4699,,3.6728,1.4445
CACCT,0.9053,1.3480,0.5176,0.7794,,3.6386,1.3873
CACGA,0.8395,0.8971,0.4725,0.5059,,4.2038,1.5884
CACGC,0.8955,0.9729,0.4994,0.5441,,3.7753,1.5259
CACGG,0.9671,1.0804,0.6145,0.6904,,3.6345,1.4552
CACGT,0.9357,1.0664,0.5432,0.6235,,3.8012,1.3623
CACTA,1.1254,1.3144,0.7629,0.8993,,4.1158,1.6345
CACTC,0.9382,1.0189,0.5958,0.6501,,3.7481,1.4069
CACTG,1.1959,1.5987,0.8751,1.1855,,3.7298,1.4889
CACTT,0.8976,1.0168,0.5650,0.6439,,3.9096,1.4779
CAGAA,0.8189,0.9145,0.4476,0.5024,,4.0185,1.5088
CAGAC,0.7196,0.8793,0.3724,0.4590,,3.9446,1.5452
CAGAG,0.9484,1.1106,0.5614,0.6662,,3.6199,1.4851
CAGAT,0.7578,0.9166,0.3857,0.4690,,3.7795,1.4211
CAGCA,0.8197,0.8623,0.4034,0.4259,,3.9263,1.3260
CAGCC,0.7711,0.8917,0.3693,0.4299,,4.0337,1.6594
CAGCG,0.8364,0.8638,0.4132,0.4287,,3.6599,1.4011
CAGCT,0.7777,1.0647,0.3885,0.5357,,3.7308,1.4154
CAGGA,0.8832,0.9448,0.4678,0.5024,,3.9307,1.3802
CAGGC,0.7702,0.8714,0.3556,0.4044,,3.7510,1.3597
CAGGG,0.9846,1.0661,0.5569,0.6062,,4.4150,1.5411
CAGGT,0.7569,1.2275,0.4080,0.6668,,3.5390,1.3280
CAGTA,1.0576,1.2265,0.6367,0.7467,,3.7346,1.3269
CAGTC,0.8726,1.0214,0.4687,0.5542,,4.0141,1.4173
CAGTG,1.1489,1.3900,0.7211,0.8849,,3.8195,1.4351
CAGTT,0.8616,1.0097,0.4492,0.5311,,3.9621,1.4345
CATAA,0.7052,0.7536,0.3142,0.3363,,4.2593,1.4635
CATAC,0.7035,0.8438,0.2973,0.3607,,3.5773,1.1786
CATAG,0.6487,0.8282,0.2291,0.2951,,3.6861,1.2495
CATAT,0.7505,0.7999,0.3120,0.3329,,3.7858,1.2804
CATCA,0.6772,0.7339,0.3248,0.3530,,3.9173,1.4925
CATCC,0.7217,0.9373,0.3041,0.3969,,3.7629,1.4849
CATCG,0.6437,0.7473,0.2778,0.3249,,3.6222,1.3930
CATCT,0.6867,1.0214,0.3098,0.4668,,3.8465,1.4776
CATGA,0.6602,0.7959,0.2734,0.3321,,3.9557,1.4739
CATGC,0.6286,1.0194,0.2357,0.3875,,4.0985,1.5536
CATGG,0.6103,0.9407,0.2495,0.3899,,3.5156,1.2742
CATGT,0.6328,0.8239,0.2588,0.3404,,3.7356,1.2838
CATTA,0.8084,0.8926,0.4296,0.4773,,3.8990,1.4019
CATTC,0.6888,0.7491,0.3201,0.3497,,3.7365,1.2886
CATTG,0.7231,0.8176,0.3672,0.4178,,3.6108,1.4509
CATTT,0.6938,0.7331,0.2919,0.3090,,3.9775,1.4837
CCAAA,1.6468,2.7561,1.3616,2.3354,,3.8998,1.5194
CCAAC,1.7073,3.1439,1.4184,2.6968,,3.2894,1.2164
CCAAG,1.9793,4.3040,1.7138,3.8708,,3.5749,1.3764
CCAAT,1.6790,2.9431,1.4500,2.5945,,3.6586,1.4177
CCACA,1.4891,2.1912,1.2208,1.8258,,3.7115,1.3356
CCACC,1.4803,2.0324,1.1750,1.6407,,3.2389,1.1104
CCACG,1.8690,3.4832,1.5570,2.9982,,3.4410,1.2122
CCACT,1.4833,2.2995,1.1938,1.8904,,3.4165,1.2716
CCAGA,1.8416,3.9234,1.5759,3.4829,,3.6005,1.3307
CCAGC,1.6551,3.4541,1.3771,2.9815,,3.3370,1.1861
CCAGG,2.3517,7.0783,2.0954,6.6392,,3.3062,1.2140
CCAGT,1.9084,4.3955,1.6404,3.9185,,3.5215,1.1559
CCATA,2.0052,5.3687,1.7426,4.8795,,3.9048,1.3980
CCATC,1.9710,4.4406,1.6985,3.9726,,3.4050,1.2902
CCATG,2.1865,7.9635,1.9260,7.4382,,3.7687,1.3297
CCATT,1.8569,3.8185,1.6038,3.4016,,3.4747,1.2806
CCCAA,1.0291,1.1467,0.7581,0.8483,,3.4881,1.1918
CCCAC,0.9894,1.1135,0.6693,0.7598,,3.2428,1.1322
CCCAG,1.1679,1.3562,0.8669,1.0127,,3.1269,1.0603
CCCAT,0.9628,1.1886,0.6432,0.7983,,3.3914,1.1053
CCCCA,1.5003,2.0030,1.2044,1.6353,,3.3506,1.1055
CCCCC,1.1972,1.6903,0.9665,1.3810,,3.7894,1.1336
CCCCG,1.6688,2.2213,1.4067,1.8972,,3.9254,1.4769
CCCCT,1.3284,2.1777,1.0116,1.6875,,4.4622,1.2973
CCCGA,1.3980,1.9610,1.1170,1.5895,,3.5077,1.2076
CCCGC,1.3932,2.3623,1.0982,1.8956,,4.1867,1.5295
CCCGG,1.7994,3.5534,1.5246,3.1011,,3.6071,1.2756
CCCGT,1.5562,2.2380,1.1882,1.7534,,3.3981,1.2368
CCCTA,1.8760,4.0029,1.6267,3.5849,,3.4280,1.1799
CCCTC,1.8884,3.4198,1.6658,3.0810,,3.1470,1.0339
CCCTG,1.9069,4.4457,1.6842,4.0566,,3.6342,1.2179
CCCTT,1.6550,2.8660,1.3754,2.4327,,3.9093,1.2240
CCGAA,1.0215,1.1817,0.6925,0.8064,,3.5557,1.3427
CCGAC,1.0366,1.2431,0.6890,0.8336,,3.7730,1.4992
CCGAG,1.3451,1.9337,1.0224,1.4991,,3.8943,1.4690
CCGAT,1.0652,1.1852,0.6867,0.7699,,3.8734,1.5027
CCGCA,1.0896,1.3384,0.6736,0.8370,,4.2153,1.6916
CCGCC,0.9683,1.1133,0.5947,0.6914,,4.2580,1.7032
CCGCG,1.2726,1.5274,0.8093,0.9833,,4.2560,1.4850
CCGCT,1.0269,1.4342,0.6682,0.9496,,3.2609,1.3450
CCGGA,1.4182,1.9464,0.9909,1.3913,,3.4467,1.1765
CCGGC,1.1518,1.4097,0.7699,0.9523,,3.6038,1.2527
CCGGG,1.5106,2.3559,1.1980,1.9142,,3.3128,1.0718
CCGGT,1.0877,1.3979,0.7854,1.0198,,3.2550,1.2433
CCGTA,1.4997,2.5608,1.1988,2.1047,,3.7986,1.3323
CCGTC,1.2733,1.5415,0.9250,1.1358,,3.7469,1.3092
CCGTG,1.6170,3.1296,1.3207,2.6423,,3.8197,1.4673
CCGTT,1.2677,1.5736,0.9326,1.1752,,3.6124,1.2881
CCTAA,1.1922,1.4671,0.8783,1.0954,,3.7863,1.2665
CCTAC,1.3017,1.6585,0.9708,1.2501,,3.1855,1.0428
CCTAG,1.2998,1.7967,1.0302,1.4433,,3.8974,1.3097
CCTAT,1.1801,1.6416,0.8350,1.1786,,3.3741,1.0730
CCTCA,1.3410,1.6611,1.0049,1.2640,,3.6336,1.1907
CCTCC,1.2577,1.5471,0.9745,1.2097,,3.7002,1.2314
CCTCG,1.3529,2.2264,1.0190,1.7186,,3.5847,1.1912
CCTCT,1.2919,3.2556,0.9735,2.5088,,3.6326,1.2552
CCTGA,1.4359,2.0805,1.1510,1.6934,,3.5272,1.2105
CCTGC,1.4771,2.4177,1.1693,1.9585,,3.2285,1.0331
CCTGG,1.7502,2.9807,1.4368,2.5160,,3.6495,1.1468
CCTGT,1.4275,2.2019,1.1079,1.7480,,3.5189,1.1193
CCTTA,1.7599,3.3134,1.4973,2.9003,,4.6369,1.5641
CCTTC,1.6024,2.7457,1.2930,2.2777,,3.6560,1.2488
CCTTG,1.7889,3.5359,1.5820,3.1997,,3.8235,1.3023
CCTTT,1.4710,2.3775,1.1775,1.9469,,3.6155,1.2179
CGAAA,1.2624,1.6528,0.9089,1.2079,,5.5604,2.7375
CGAAC,1.2598,1.7805,0.9102,1.3120,,4.8085,2.2406
CGAAG,1.5163,2.4042,1.1870,1.9330,,5.1398,2.4491
CGAAT,1.2239,1.6128,0.8639,1.1572,,4.5112,2.0495
CGACA,1.0591,1.2064,0.6912,0.7948,,4.9867,2.4487
CGACC,1.0137,1.2739,0.6600,0.8395,,5.0336,2.3078
CGACG,1.2449,1.6387,0.8993,1.1992,,4.9967,2.4953
CGACT,1.0613,1.4278,0.6704,0.9136,,4.6617,2.2678
CGAGA,1.4048,2.1387,1.0799,1.6813,,4.4000,2.0851
CGAGC,1.3274,2.2807,0.8943,1.5840,,4.9869,1.9730
CGAGG,1.6828,3.3588,1.3401,2.7912,,4.3698,1.9777
CGAGT,1.4526,2.2877,1.0962,1.7625,,4.0442,1.7203
CGATA,1.5439,2.5064,1.2458,2.0686,,4.7744,2.3055
CGATC,1.5072,2.1990,1.1340,1.6965,,4.6756,2.2181
CGATG,1.7376,3.7458,1.4579,3.2541,,4.8773,2.3031
CGATT,1.3913,1.8931,1.0120,1.4026,,4.6937,2.1618
CGCAA,1.1112,1.2326,0.7138,0.7972,,5.6648,2.6585
CGCAC,0.8813,0.9006,0.4871,0.4986,,6.8230,3.1693
CGCAG,1.0594,1.1675,0.6913,0.7651,,5.0835,2.3130
CGCAT,0.8773,0.9855,0.4767,0.5405,,4.7449,2.1166
CGCCA,1.1502,1.2483,0.7805,0.8496,,4.9448,2.5242
CGCCC,1.0778,1.1667,0.6511,0.7114,,5.2081,2.5635
CGCCG,1.1877,1.5876,0.8314,1.1291,,5.1339,2.7114
CGCCT,0.9083,1.2456,0.5545,0.7657,,6.3139,2.9544
CGCGA,1.1200,1.2583,0.6530,0.7396,,5.3222,2.2589
CGCGC,0.8170,0.9146,0.4497,0.5072,,5.2910,2.5231
CGCGG,1.1938,1.7130,0.7909,1.1643,,5.6223,2.6482
CGCGT,0.9596,0.9832,0.5622,0.5777,,4.7738,1.8811
CGCTA,1.6477,3.0322,1.2921,2.4577,,4.6401,2.2377
CGCTC,1.5387,2.2207,1.1240,1.6548,,5.0064,2.4292
CGCTG,1.6160,3.4470,1.2690,2.8332,,4.8565,2.5791
CGCTT,1.3035,1.8337,0.9019,1.2998,,4.2559,1.8784
CGGAA,0.6781,0.7036,0.2880,0.2996,,4.7706,2.3535
CGGAC,0.5826,0.6388,0.1995,0.2198,,4.4563,2.3026
CGGAG,0.6810,0.8046,0.2970,0.3527,,4.9046,2.4646
CGGAT,0.6210,0.6874,0.1964,0.2180,,4.7017,2.1607
CGGCA,0.6689,0.6711,0.2718,0.2721,,5.1072,2.3593
CGGCC,0.6836,0.6836,0.2627,0.2627,,4.5907,2.4363
CGGCG,0.7164,0.7812,0.3225,0.3538,,4.4105,2.1865
CGGCT,0.6188,1.0425,0.2415,0.4103,,4.7622,2.4059
CGGGA,0.9116,0.9516,0.4834,0.5066,,4.0466,1.8409
CGGGC,0.6397,0.6397,0.2119,0.2126,,4.6536,1.8426
CGGGG,1.1242,1.2022,0.7171,0.7707,,4.1873,1.7853
CGGGT,0.7362,0.8204,0.3262,0.3651,,4.0253,1.8132
CGGTA,0.8850,0.9465,0.5595,0.6014,,4.5530,2.2715
CGGTC,0.8208,0.8379,0.4451,0.4559,,4.8535,2.5107
CGGTG,0.9012,1.0064,0.5836,0.6562,,4.2109,2.1702
CGGTT,0.7146,0.7308,0.3464,0.3553,,3.8245,1.7212
CGTAA,0.7490,0.8253,0.3731,0.4126,,4.8853,2.0480
CGTAC,0.6181,0.6462,0.2507,0.2626,,4.3395,1.8141
CGTAG,0.6165,0.6958,0.2469,0.2795,,4.6756,1.9785
CGTAT,0.6404,0.6915,0.2562,0.2781,,4.2689,1.7218
CGTCA,0.7196,0.7409,0.3316,0.3432,,4.4645,2.0229
CGTCC,0.6031,0.6034,0.2641,0.2636,,4.1059,1.9073
CGTCG,0.6191,0.6351,0.2758,0.2833,,4.4994,2.1729
CGTCT,0.6186,0.7539,0.2744,0.3354,,4.6364,1.9709
CGTGA,0.6290,0.6666,0.2685,0.2855,,4.3659,1.9326
CGTGC,0.6152,0.6152,0.2372,0.2372,,4.7086,1.9844
CGTGG,0.6679,0.6990,0.2904,0.3048,,4.0106,1.6809
CGTGT,0.6323,0.6323,0.2226,0.2226,,3.8661,1.6948
CGTTA,0.9748,1.0489,0.6116,0.6622,,4.6512,2.0599
CGTTC,0.8130,0.8269,0.4760,0.4843,,4.4733,1.9596
CGTTG,0.9291,1.0149,0.6021,0.6610,,4.3511,1.9599
CGTTT,0.6851,0.7328,0.3531,0.3790,,4.2440,1.8283
CTAAA,1.4669,2.1140,1.1852,1.7353,,4.1338,1.5279
CTAAC,1.3959,2.1551,1.1063,1.7400,,4.0309,1.5044
CTAAG,1.6570,3.3159,1.3901,2.8801,,3.7691,1.5313
CTAAT,1.5108,2.6502,1.1999,2.1618,,3.8414,1.3460
CTACA,1.1265,1.4165,0.7883,1.0027,,3.8370,1.3949
CTACC,1.0810,1.2199,0.7365,0.8370,,3.6382,1.4001
CTACG,1.4362,2.1415,1.1329,1.7269,,3.7303,1.4079
CTACT,1.1396,1.4541,0.8266,1.0647,,3.6716,1.4564
CTAGA,1.4926,2.4805,1.1355,1.9398,,3.7402,1.4900
CTAGC,1.4100,2.0652,1.0451,1.5658,,3.7621,1.2859
CTAGG,1.7514,4.6798,1.4919,4.1499,,3.6829,1.3763
CTAGT,1.5182,2.8730,1.1887,2.3294,,3.5001,1.2627
CTATA,1.6568,3.8655,1.3876,3.3536,,3.6498,1.3125
CTATC,1.7556,3.3299,1.4518,2.8380,,3.5263,1.2693
CTATG,2.1188,7.6523,1.8733,7.1296,,3.5717,1.2624
CTATT,1.5971,2.8431,1.2983,2.3754,,3.4122,1.2524
CTCAA,0.8486,0.8879,0.5134,0.5387,,3.5387,1.2492
CTCAC,0.7936,0.8444,0.4645,0.4952,,3.9292,1.3649
CTCAG,0.9747,1.0710,0.6112,0.6745,,3.3413,1.0618
CTCAT,0.8277,0.8475,0.4828,0.4956,,3.7570,1.1658
CTCCA,0.9885,1.0412,0.6743,0.7140,,3.3637,1.2056
CTCCC,0.9131,0.9983,0.5594,0.6128,,3.9615,1.1463
CTCCG,1.0393,1.1759,0.7151,0.8140,,3.3155,1.1743
CTCCT,0.9420,1.6165,0.5962,1.0349,,3.4463,1.1195
CTCGA,1.0181,1.0628,0.6270,0.6564,,3.4891,1.0723
CTCGC,1.0080,1.0308,0.6048,0.6195,,3.7643,1.1486
CTCGG,1.1178,1.6596,0.8093,1.2248,,3.9494,1.2845
CTCGT,1.1144,1.3282,0.6977,0.8405,,3.4081,1.0477
CTCTA,1.5055,2.4302,1.1981,1.9805,,3.3828,1.1357
CTCTC,1.3363,2.2181,0.9964,1.6973,,3.4285,1.0460
CTCTG,1.7252,3.3319,1.4718,2.9160,,3.6654,1.2322
CTCTT,1.2041,1.6251,0.8748,1.1984,,3.3785,1.1130
CTGAA,1.0305,1.2728,0.7034,0.8778,,3.9873,1.6210
CTGAC,0.9882,1.1716,0.6367,0.7654,,3.7787,1.5618
CTGAG,1.3772,2.2339,1.0585,1.7569,,3.9743,1.3888
CTGAT,1.0466,1.2520,0.6809,0.8231,,3.6427,1.3591
CTGCA,0.9836,1.0936,0.5826,0.6517,,3.8337,1.3956
CTGCC,0.8638,0.9446,0.5239,0.5761,,4.2316,1.7792
CTGCG,1.1635,1.6249,0.7688,1.0975,,4.4572,1.7419
CTGCT,0.9278,1.2428,0.5999,0.8135,,3.6388,1.5346
CTGGA,1.0949,1.2431,0.6997,0.8021,,3.5865,1.3103
CTGGC,0.8738,0.9765,0.5021,0.5650,,3.6322,1.3547
CTGGG,1.3963,1.9900,1.0715,1.5556,,3.7343,1.3643
CTGGT,0.9807,1.1713,0.6330,0.7638,,3.3996,1.3017
CTGTA,1.4216,2.0135,1.0694,1.5463,,3.6970,1.2707
CTGTC,1.2246,1.7519,0.8851,1.2896,,3.9130,1.5389
CTGTG,1.6626,3.4432,1.3648,2.9313,,3.6105,1.2906
CTGTT,1.1738,1.6065,0.8349,1.1608,,3.5160,1.3123
CTTAA,0.7310,0.7447,0.3552,0.3618,,3.7020,1.2404
CTTAC,0.6606,0.6829,0.3080,0.3200,,4.2344,1.5066
CTTAG,0.6779,0.7540,0.3206,0.3584,,3.6475,1.2200
CTTAT,0.6565,0.7421,0.2967,0.3373,,3.5947,1.1858
CTTCA,0.7503,0.7986,0.3673,0.3915,,3.5109,1.1637
CTTCC,0.6764,0.6766,0.3365,0.3364,,3.8263,1.3509
CTTCG,0.6986,0.7072,0.3610,0.3665,,3.3927,1.2741
CTTCT,0.6937,0.8136,0.3478,0.4098,,3.5931,1.2132
CTTGA,0.6370,0.6589,0.3319,0.3442,,3.5397,1.2796
CTTGC,0.6409,0.6522,0.2783,0.2838,,3.6138,1.1703
CTTGG,0.7244,0.7564,0.3826,0.4009,,3.5179,1.2476
CTTGT,0.6325,0.6455,0.3104,0.3165,,3.4730,1.1526
CTTTA,1.0670,1.1958,0.7274,0.8214,,3.5839,1.3053
CTTTC,0.8494,0.9170,0.5034,0.5459,,3.5070,1.1480
CTTTG,1.0397,1.2333,0.7021,0.8407,,3.2947,1.2308
CTTTT,0.7908,0.8396,0.4133,0.4399,,3.8676,1.2959
GAAAA,1.4361,2.2207,1.0852,1.7185,,5.2788,2.6404
GAAAC,1.4364,2.2514,1.1165,1.7931,,5.2805,2.6234
GAAAG,1.7074,3.4621,1.3861,2.9233,,5.0763,2.5649
GAAAT,1.4580,2.4145,1.1405,1.9374,,5.2061,2.7161
GAACA,1.2733,1.6410,0.9506,1.2406,,5.1143,2.7148
GAACC,1.1779,1.4764,0.8509,1.0840,,5.1073,2.6744
GAACG,1.4408,2.6575,1.1277,2.1463,,5.6029,2.8963
GAACT,1.2986,1.9272,0.9566,1.4489,,5.6366,3.1647
GAAGA,1.5565,2.7324,1.2467,2.2522,,5.3316,2.8278
GAAGC,1.4464,2.4228,1.1400,1.9634,,5.0293,2.6233
GAAGG,1.8624,3.9995,1.5602,3.4944,,4.9225,2.5755
GAAGT,1.5394,2.6593,1.2080,2.1506,,5.0301,2.5315
GAATA,1.7371,3.5404,1.4088,2.9789,,5.2301,2.6254
GAATC,1.5764,3.1786,1.2692,2.6445,,4.8025,2.5274
GAATG,1.9540,5.9099,1.6743,5.3151,,5.3434,2.7871
GAATT,1.6490,3.0759,1.3455,2.5908,,5.2811,2.8404
GACAA,1.1483,1.2563,0.8307,0.9151,,5.2109,2.7507
GACAC,1.0242,1.1228,0.6846,0.7555,,5.3700,2.5854
GACAG,1.2902,1.6199,0.9588,1.2209,,5.5872,2.8847
GACAT,0.9657,1.1585,0.6069,0.7365,,5.1969,2.6991
GACCA,1.0812,1.2036,0.8006,0.8965,,4.9004,2.5468
GACCC,1.0187,1.1883,0.6967,0.8183,,5.4185,3.0318
GACCG,1.2558,1.4579,0.9668,1.1318,,5.1208,2.8021
GACCT,1.1129,1.3832,0.7548,0.9460,,5.1054,2.6766
GACGA,1.1456,1.2599,0.8064,0.8913,,5.5556,2.8058
GACGC,1.0318,1.1678,0.7234,0.8237,,5.6609,2.7476
GACGG,1.3812,1.8416,1.0780,1.4596,,4.9846,2.6128
GACGT,1.1016,1.3470,0.7709,0.9533,,5.0027,2.6517
GACTA,1.5723,2.4739,1.2754,2.0541,,5.1220,2.7917
GACTC,1.3561,1.9748,1.0463,1.5530,,5.2769,2.8774
GACTG,1.6873,3.1944,1.3884,2.7148,,4.9353,2.5745
GACTT,1.3374,1.7343,1.0137,1.3342,,5.0008,2.5952
GAGAA,1.1373,1.3219,0.8052,0.9448,,5.2695,2.7468
GAGAC,1.0231,1.1986,0.6646,0.7871,,5.0411,2.6285
GAGAG,1.4061,2.1013,1.0502,1.6060,,4.8792,2.5425
GAGAT,1.0510,1.2781,0.6919,0.8502,,4.9567,2.6207
GAGCA,1.0134,1.0766,0.6387,0.6812,,5.1016,2.6409
GAGCC,0.9927,1.1054,0.6105,0.6837,,5.2906,2.8379
GAGCG,1.2262,1.7042,0.8111,1.1471,,5.4246,2.8606
GAGCT,1.0383,1.4098,0.6491,0.8934,,5.2540,2.8244
GAGGA,1.3315,1.6595,0.9825,1.2388,,5.4942,2.8243
GAGGC,1.0733,1.2187,0.7235,0.8287,,4.8429,2.5316
GAGGG,1.6905,2.7723,1.3187,2.2273,,4.9728,2.4451
GAGGT,1.2479,1.6633,0.8990,1.2166,,4.4933,2.3908
GAGTA,1.4958,2.8387,1.1358,2.2430,,5.1086,2.3527
GAGTC,1.3381,1.9901,0.9602,1.4636,,5.2545,2.6339
GAGTG,1.7355,3.9712,1.3450,3.2392,,5.3583,2.6266
GAGTT,1.2890,2.0695,0.9310,1.5334,,5.2131,2.6051
GATAA,0.8898,0.9575,0.5258,0.5682,,5.0547,2.3986
GATAC,0.8326,0.8752,0.4658,0.4911,,5.2097,2.6392
GATAG,0.9114,0.9281,0.5419,0.5525,,5.1311,2.5599
GATAT,0.8083,0.9301,0.4450,0.5157,,5.2249,2.7160
GATCA,0.7766,0.8155,0.4613,0.4848,,5.2810,2.6986
GATCC,0.7676,0.7994,0.4118,0.4295,,4.9831,2.6495
GATCG,0.8179,0.9015,0.4668,0.5175,,5.2059,2.7662
GATCT,0.7808,0.9416,0.4202,0.5121,,4.5508,2.3993
GATGA,0.8679,0.9214,0.4969,0.5293,,5.2160,2.6592
GATGC,0.7269,0.8316,0.3791,0.4360,,4.8840,2.5119
GATGG,0.8295,0.9011,0.4907,0.5350,,5.3641,2.8260
GATGT,0.7163,0.8040,0.3857,0.4347,,4.9744,2.5712
GATTA,1.1732,1.3936,0.8312,0.9971,,5.3582,2.7175
GATTC,0.9189,1.0256,0.5552,0.6243,,5.0422,2.5010
GATTG,1.0822,1.3962,0.7144,0.9331,,5.0003,2.6540
GATTT,0.8583,0.9602,0.5036,0.5673,,5.2505,2.5820
GCAAA,1.4906,2.1286,1.1710,1.7067,,4.6638,2.1814
GCAAC,1.4613,2.1327,1.1241,1.6767,,4.5142,1.9886
GCAAG,1.7216,3.3517,1.4228,2.8623,,4.7004,2.1901
GCAAT,1.3983,2.1636,1.0972,1.7338,,4.5941,2.1269
GCACA,1.2907,1.5912,0.9503,1.1845,,4.8219,2.1548
GCACC,1.2154,1.4858,0.9183,1.1361,,4.3854,2.1502
GCACG,1.4593,2.1209,1.1686,1.7277,,5.4975,2.4390
GCACT,1.2531,1.5447,0.9520,1.1850,,5.2287,2.2890
GCAGA,1.5519,2.4254,1.2469,1.9929,,4.2555,1.8523
GCAGC,1.5434,2.4228,1.1630,1.8801,,4.3199,1.8018
GCAGG,1.7955,3.9233,1.5249,3.4525,,4.2044,1.8462
GCAGT,1.5530,2.5830,1.2077,2.0640,,4.2825,1.8431
GCATA,1.7750,3.1962,1.4646,2.7188,,4.3825,1.8830
GCATC,1.5276,2.3537,1.2089,1.9089,,4.3986,1.8622
GCATG,1.9173,4.8473,1.6172,4.2720,,4.4302,1.8705
GCATT,1.5147,2.4383,1.1852,1.9573,,4.3326,1.7966
GCCAA,1.0715,1.2050,0.7934,0.8966,,4.2638,1.9933
GCCAC,1.0097,1.0915,0.7207,0.7829,,3.9948,1.6626
GCCAG,1.1125,1.2741,0.8031,0.9276,,4.2279,1.8939
GCCAT,1.0246,1.1435,0.7394,0.8299,,4.2359,1.7724
GCCCA,1.1291,1.2348,0.8408,0.9258,,4.0368,1.8314
GCCCC,1.0536,1.2249,0.7285,0.8527,,3.9378,1.9124
GCCCG,1.2061,1.3357,0.8913,0.9933,,4.0801,1.8476
GCCCT,1.1637,1.4013,0.8209,0.9954,,4.6892,2.0410
GCCGA,1.1384,1.2895,0.8941,1.0195,,4.0706,1.7859
GCCGC,1.1423,1.2967,0.8337,0.9552,,3.9164,1.7711
GCCGG,1.3190,1.8442,1.0679,1.5170,,3.7778,1.5548
GCCGT,1.1535,1.4361,0.8864,1.1121,,4.1362,1.8270
GCCTA,1.3569,1.6631,1.0409,1.2880,,4.0489,1.7492
GCCTC,1.1228,1.3602,0.7786,0.9514,,4.0935,1.7172
GCCTG,1.3487,1.6774,1.0364,1.3059,,4.3834,1.9268
GCCTT,1.0554,1.2112,0.7401,0.8555,,4.2432,1.7345
GCGAA,1.0419,1.1540,0.6490,0.7239,,5.2397,2.3271
GCGAC,0.8348,0.9112,0.4773,0.5245,,4.5658,2.0701
GCGAG,1.2234,1.4637,0.8156,0.9863,,4.5475,2.1960
GCGAT,0.8494,0.9331,0.4512,0.4981,,4.6888,2.1338
GCGCA,0.9183,0.9534,0.5354,0.5573,,4.7619,2.2611
GCGCC,0.7395,0.7636,0.3799,0.3932,,4.9015,2.0518
GCGCG,0.9107,0.9672,0.6006,0.6396,,4.7024,2.2580
GCGCT,0.9197,1.0815,0.5214,0.6180,,4.2751,2.0122
GCGGA,1.0538,1.2019,0.6709,0.7724,,5.0387,2.3290
GCGGC,0.8754,0.8754,0.5395,0.5395,,3.9348,1.8268
GCGGG,1.2081,1.3518,0.8504,0.9597,,4.4597,1.9821
GCGGT,0.9097,1.4890,0.5848,0.9627,,4.1801,1.9653
GCGTA,1.3635,1.7136,0.9205,1.1805,,3.9944,1.7412
GCGTC,1.1066,1.4408,0.7022,0.9233,,4.2483,1.9471
GCGTG,1.3330,2.1623,0.9344,1.5643,,4.7118,2.2728
GCGTT,1.0775,1.2639,0.7157,0.8456,,4.1891,1.8065
GCTAA,1.0141,1.0912,0.7140,0.7732,,4.2733,1.9498
GCTAC,1.0275,1.1159,0.7096,0.7724,,4.3526,1.9110
GCTAG,1.0622,1.1711,0.7411,0.8227,,4.4402,2.0071
GCTAT,0.9909,1.1825,0.6691,0.8050,,4.3085,1.9846
GCTCA,0.9542,1.0165,0.6533,0.6979,,4.4450,2.0446
GCTCC,0.9177,0.9581,0.5770,0.6028,,4.0467,1.8486
GCTCG,0.9032,0.9876,0.5854,0.6449,,4.3165,1.9081
GCTCT,0.9332,1.0480,0.6191,0.7002,,4.3195,1.9290
GCTGA,1.0293,1.1266,0.7339,0.8078,,4.0369,1.8146
GCTGC,0.9761,1.0600,0.6717,0.7327,,3.8828,1.7893
GCTGG,1.1452,1.2942,0.8236,0.9370,,3.9115,1.8257
GCTGT,1.0362,1.4020,0.7248,0.9876,,3.8694,1.6631
GCTTA,1.2466,1.3998,0.9294,1.0526,,3.9762,1.6432
GCTTC,0.9446,1.0496,0.6532,0.7299,,3.9084,1.8039
GCTTG,1.1467,1.3368,0.7977,0.9378,,4.1125,1.7384
GCTTT,0.9562,1.0371,0.6402,0.6973,,3.9690,1.6572
GGAAA,1.5213,2.5442,1.2046,2.0660,,5.3512,2.8421
GGAAC,1.5306,2.5122,1.1647,1.9683,,5.5983,2.9039
GGAAG,1.7055,3.5117,1.4181,3.0273,,5.4223,2.9214
GGAAT,1.3829,2.1953,1.0497,1.7063,,5.1842,2.8092
GGACA,1.3344,1.7866,1.0149,1.3858,,5.8988,3.1988
GGACC,1.3740,1.7571,1.0176,1.3205,,5.7415,3.2842
GGACG,1.5482,2.7637,1.2189,2.2483,,5.6035,3.2343
GGACT,1.3408,1.8529,0.9716,1.3634,,5.3915,3.0878
GGAGA,1.7894,3.9823,1.4950,3.4600,,4.8138,2.5008
GGAGC,1.5648,3.2177,1.1953,2.5645,,5.1040,2.6223
GGAGG,1.9782,4.7841,1.7286,4.3399,,5.2894,2.7603
GGAGT,1.7161,3.5454,1.3830,2.9737,,5.4483,2.8078
GGATA,1.8587,4.0365,1.5728,3.5423,,5.2055,2.6090
GGATC,1.6575,3.4020,1.3401,2.8498,,5.1988,2.6762
GGATG,1.9639,5.2970,1.6635,4.7158,,5.0640,2.6804
GGATT,1.5989,3.1986,1.2985,2.6813,,5.1611,2.7582
GGCAA,1.4394,1.7998,1.1764,1.4874,,5.3932,2.8034
GGCAC,1.1834,1.3145,0.8630,0.9630,,6.3765,3.1843
GGCAG,1.5599,2.4541,1.2742,2.0439,,4.9939,2.5994
GGCAT,1.1599,1.4290,0.8855,1.0981,,5.8507,2.8422
GGCCA,1.4877,1.9969,1.2148,1.6566,,5.3471,2.8856
GGCCC,1.4283,1.8691,1.1411,1.5117,,5.1890,3.2066
GGCCG,1.4909,2.2676,1.1755,1.8272,,5.6333,3.2586
GGCCT,1.2913,1.6656,0.9742,1.2729,,5.2695,2.9181
GGCGA,1.3806,1.9282,1.1048,1.5670,,5.3269,2.5280
GGCGC,1.2878,1.4987,0.9220,1.0827,,5.0887,2.5846
GGCGG,1.5215,2.5605,1.2139,2.1005,,5.3029,2.7343
GGCGT,1.3432,1.9462,0.9794,1.4492,,5.0285,2.6480
GGCTA,1.9014,5.2768,1.6180,4.7160,,5.4146,2.6984
GGCTC,1.6273,4.0601,1.3254,3.4521,,5.1684,2.6482
GGCTG,1.7376,6.2431,1.4681,5.5680,,4.6308,2.4004
GGCTT,1.5697,2.8656,1.2504,2.3559,,5.2472,2.7275
GGGAA,0.8396,0.9719,0.4427,0.5149,,5.2959,2.7467
GGGAC,0.6745,0.6745,0.2656,0.2656,,5.5661,2.7158
GGGAG,0.8437,1.0148,0.4728,0.5746,,5.0772,2.4700
GGGAT,0.6616,0.9501,0.2416,0.3510,,4.4336,2.0788
GGGCA,0.9133,0.9793,0.4718,0.5085,,5.1246,2.7881
GGGCC,0.8588,0.9519,0.3992,0.4451,,6.0367,3.4040
GGGCG,0.9077,1.1462,0.5241,0.6712,,6.1353,3.2679
GGGCT,0.8059,1.0319,0.4207,0.5447,,5.1674,2.4619
GGGGA,1.2649,1.7017,0.8936,1.2221,,5.1462,2.2926
GGGGC,0.8195,0.8995,0.4034,0.4451,,4.7705,2.3399
GGGGG,1.3867,1.7535,1.0222,1.3126,,4.7433,2.3118
GGGGT,0.8973,1.0769,0.4868,0.5905,,4.4111,2.0116
GGGTA,1.2366,1.7374,0.8611,1.2332,,4.8107,2.3786
GGGTC,1.0961,1.2949,0.6906,0.8262,,4.8694,2.4347
GGGTG,1.2958,1.9708,0.9429,1.4763,,4.8644,2.5838
GGGTT,1.0457,1.2776,0.6662,0.8269,,4.8609,2.4556
GGTAA,0.8104,0.9040,0.4987,0.5585,,5.0262,2.6307
GGTAC,0.6683,0.7045,0.3594,0.3792,,5.2463,2.8630
GGTAG,0.7906,0.8377,0.4357,0.4630,,5.2472,2.8489
GGTAT,0.6860,0.8984,0.3587,0.4746,,5.1502,2.8272
GGTCA,0.8433,0.8663,0.5113,0.5271,,4.9950,2.6108
GGTCC,0.7523,0.7772,0.3935,0.4079,,5.2753,3.0534
GGTCG,0.8871,0.9734,0.5388,0.5941,,5.6758,3.0812
GGTCT,0.7140,0.8352,0.3926,0.4629,,5.2414,2.7763
GGTGA,0.7872,0.8373,0.4736,0.5058,,4.6789,2.3373
GGTGC,0.6409,0.6720,0.3277,0.3448,,4.6241,2.3740
GGTGG,0.8405,0.8865,0.5002,0.5301,,4.5888,2.3747
GGTGT,0.6440,0.7224,0.3335,0.3753,,4.5433,2.3395
GGTTA,1.3341,1.8858,0.9786,1.4166,,4.7043,2.3833
GGTTC,1.1216,1.4991,0.7616,1.0356,,4.9995,2.6588
GGTTG,1.2674,1.6833,0.9207,1.2448,,5.0275,2.7908
GGTTT,1.0464,1.2450,0.6879,0.8276,,4.7892,2.5055
GTAAA,1.5996,2.8857,1.2719,2.3660,,4.9710,2.3334
GTAAC,1.5296,3.0387,1.1949,2.4558,,4.9551,2.4738
GTAAG,1.9388,4.6586,1.5954,4.0588,,4.7405,2.3736
GTAAT,1.5913,3.4850,1.2322,2.8206,,4.7153,2.1294
GTACA,1.3043,1.7279,0.9389,1.2653,,4.9348,2.4322
GTACC,1.2110,1.6075,0.8813,1.1883,,4.9831,2.5722
GTACG,1.4998,2.5362,1.1728,2.0365,,4.5610,2.3152
GTACT,1.3063,2.1462,0.9717,1.6310,,4.7958,2.4821
GTAGA,1.5058,2.6108,1.1546,2.0725,,4.9512,2.4725
GTAGC,1.4093,2.2339,1.0564,1.7163,,5.3766,2.4268
GTAGG,1.7595,4.6186,1.3742,3.8489,,5.4000,2.4562
GTAGT,1.4765,2.8378,1.0525,2.1265,,5.0314,2.3632
GTATA,1.6583,3.4740,1.3336,2.9095,,4.9574,2.2077
GTATC,1.6882,3.4099,1.4261,2.9658,,4.5571,2.2450
GTATG,1.9173,6.8549,1.6188,6.1662,,5.0392,2.5611
GTATT,1.6338,3.3127,1.3379,2.8052,,4.8568,2.4503
GTCAA,0.9579,0.9919,0.6487,0.6746,,4.3569,2.0241
GTCAC,0.7780,0.7868,0.4777,0.4833,,4.1555,1.7608
GTCAG,0.9927,1.1157,0.6196,0.7006,,4.4626,1.9672
GTCAT,0.8072,0.8653,0.5023,0.5410,,4.0358,1.7842
GTCCA,0.9932,1.0453,0.7067,0.7455,,4.2708,2.0188
GTCCC,0.8646,0.9019,0.5442,0.5688,,3.9720,1.7109
GTCCG,0.9599,1.1631,0.6737,0.8239,,4.9048,2.3612
GTCCT,0.9295,1.1644,0.6023,0.7587,,4.2986,2.0206
GTCGA,0.8987,0.9124,0.6083,0.6186,,4.2943,2.0040
GTCGC,0.7155,0.7366,0.4127,0.4265,,3.7554,1.5358
GTCGG,0.9800,1.1643,0.6577,0.7864,,4.3890,1.9287
GTCGT,0.8853,1.0213,0.5867,0.6795,,3.7520,1.6855
GTCTA,1.4103,1.9569,1.1507,1.6205,,4.5047,2.0706
GTCTC,1.2320,1.5729,0.8583,1.1125,,4.5260,2.0084
GTCTG,1.4525,2.3037,1.1642,1.8812,,4.2352,1.9419
GTCTT,1.0674,1.3513,0.7611,0.9746,,4.1870,1.8858
GTGAA,1.3122,1.6322,0.9943,1.2533,,5.1236,2.6909
GTGAC,1.1218,1.4051,0.8063,1.0208,,5.4105,2.8744
GTGAG,1.6303,2.6443,1.3289,2.2118,,4.7512,2.4329
GTGAT,1.1944,1.5065,0.8440,1.0787,,4.8535,2.4781
GTGCA,1.1032,1.3024,0.7532,0.8969,,4.9564,2.5250
GTGCC,1.0887,1.2787,0.7616,0.9053,,4.9001,2.6609
GTGCG,1.3564,1.7309,1.0417,1.3521,,5.5454,2.6066
GTGCT,1.1605,1.6745,0.8605,1.2584,,4.9940,2.6668
GTGGA,1.3346,1.7456,0.9836,1.3067,,4.7793,2.2376
GTGGC,1.1106,1.3789,0.7393,0.9284,,4.4649,2.2626
GTGGG,1.6513,3.2102,1.3581,2.7327,,4.5333,2.1163
GTGGT,1.2626,1.6124,0.9364,1.2142,,4.4801,2.3354
GTGTA,1.5966,3.2575,1.2640,2.6834,,4.6218,2.1240
GTGTC,1.4712,2.2079,1.1346,1.7489,,4.5853,2.4089
GTGTG,1.8336,4.0846,1.4976,3.4978,,5.2278,2.4638
GTGTT,1.4525,2.3893,1.1225,1.8981,,4.4988,2.2206
GTTAA,0.7272,0.7695,0.3987,0.4222,,4.5240,1.9976
GTTAC,0.6680,0.6786,0.3473,0.3532,,3.9961,1.8181
GTTAG,0.6643,0.6941,0.3146,0.3308,,4.3192,1.9208
GTTAT,0.6811,0.7053,0.3454,0.3583,,4.4228,2.0894
GTTCA,0.7553,0.7738,0.4181,0.4282,,4.6799,2.1095
GTTCC,0.6381,0.6454,0.3198,0.3234,,4.2113,1.9707
GTTCG,0.6848,0.7103,0.3381,0.3515,,4.3802,2.1349
GTTCT,0.6909,0.9026,0.3666,0.4821,,4.3262,2.0496
GTTGA,0.6677,0.6751,0.3511,0.3555,,4.3911,1.9520
GTTGC,0.5751,0.5751,0.2806,0.2813,,4.0350,1.8150
GTTGG,0.6370,0.6874,0.3274,0.3547,,4.3230,1.9786
GTTGT,0.6346,0.6645,0.3062,0.3219,,4.2352,1.7958
GTTTA,1.0180,1.1191,0.6630,0.7329,,4.3209,2.0323
GTTTC,0.8588,0.8969,0.5057,0.5303,,4.2262,1.9232
GTTTG,0.9529,1.1030,0.5955,0.6953,,4.3578,2.1632
GTTTT,0.7619,0.8016,0.4001,0.4214,,4.3209,1.9149
TAAAA,0.9206,1.0272,0.5086,0.5707,,2.2842,0.1397
TAAAC,0.9241,1.0703,0.4904,0.5725,,1.7506,0.0980
TAAAG,1.0924,1.3640,0.6657,0.8426,,1.9442,0.1107
TAAAT,0.9016,0.9895,0.4900,0.5397,,2.0948,0.1164
TAACA,0.9031,0.9763,0.4764,0.5173,,1.8055,0.1079
TAACC,0.7942,0.8304,0.3971,0.4148,,2.0191,0.1225
TAACG,0.9583,1.2140,0.5529,0.7092,,1.6829,0.1014
TAACT,0.8840,1.9226,0.4928,1.0860,,1.9864,0.1012
TAAGA,0.9924,1.1617,0.5898,0.6973,,1.8100,0.1219
TAAGC,0.9438,1.1871,0.5483,0.6989,,2.0073,0.1171
TAAGG,1.1363,1.5121,0.7620,1.0350,,1.7023,0.0993
TAAGT,1.0018,1.1523,0.5509,0.6406,,1.9935,0.1082
TAATA,1.1100,1.5855,0.6919,1.0107,,1.9892,0.0946
TAATC,0.9749,1.2223,0.5761,0.7347,,2.2249,0.1136
TAATG,1.4524,2.6266,1.0489,1.9621,,2.2039,0.1137
TAATT,1.0347,1.2988,0.6139,0.7795,,2.1316,0.1040
TACAA,0.8189,0.8364,0.4415,0.4513,,1.9085,0.1249
TACAC,0.7327,0.7711,0.3715,0.3907,,2.0538,0.1393
TACAG,0.9163,1.0118,0.5075,0.5630,,1.9644,0.1202
TACAT,0.7729,0.8482,0.3725,0.4103,,1.8845,0.1155
TACCA,0.8180,0.9364,0.4618,0.5308,,1.8980,0.1374
TACCC,0.7002,0.7122,0.3665,0.3731,,1.7265,0.1273
TACCG,0.8371,0.9963,0.4875,0.5862,,1.8033,0.1363
TACCT,0.8349,1.4509,0.4423,0.7707,,2.0256,0.1375
TACGA,0.8043,0.8316,0.4214,0.4369,,1.9010,0.1291
TACGC,0.7778,0.7921,0.3995,0.4079,,1.7447,0.0886
TACGG,1.0017,1.1591,0.6130,0.7168,,2.0834,0.1067
TACGT,0.8067,0.8652,0.4245,0.4573,,1.8869,0.1120
TACTA,0.9875,1.1104,0.6214,0.7028,,1.8933,0.1055
TACTC,0.9300,0.9760,0.5656,0.5955,,1.9550,0.1178
TACTG,1.1788,1.5636,0.8072,1.0882,,2.0999,0.1298
TACTT,0.8098,0.8718,0.4539,0.4910,,1.9090,0.1317
TAGAA,0.7528,0.8417,0.3852,0.4313,,1.9501,0.1117
TAGAC,0.6827,0.9460,0.3165,0.4402,,2.1949,0.1435
TAGAG,0.9232,1.0118,0.4950,0.5460,,1.9573,0.0912
TAGAT,0.7228,0.8066,0.3393,0.3796,,1.9840,0.1042
TAGCA,0.7668,0.7748,0.3254,0.3291,,1.9983,0.1243
TAGCC,0.6894,0.6894,0.2646,0.2646,,2.1546,0.1230
TAGCG,0.7062,0.7925,0.3007,0.3389,,2.3074,0.1265
TAGCT,0.7270,1.1399,0.3242,0.5123,,1.9762,0.1103
TAGGA,0.7497,0.7800,0.3349,0.3490,,2.0080,0.1028
TAGGC,0.7117,0.8943,0.2623,0.3326,,2.6340,0.1033
TAGGG,0.9862,1.0209,0.5418,0.5626,,2.2605,0.1108
TAGGT,0.7529,1.0330,0.3432,0.4757,,1.7661,0.0735
TAGTA,0.9274,1.0808,0.5023,0.5906,,2.2605,0.1109
TAGTC,0.7788,0.7788,0.3675,0.3680,,2.0885,0.1217
TAGTG,1.0275,1.1744,0.5964,0.6872,,2.0127,0.1090
TAGTT,0.7809,1.1484,0.3688,0.5460,,1.9966,0.0987
TATAA,0.7039,0.7281,0.2627,0.2713,,2.0397,0.1031
TATAC,0.6247,0.7400,0.2277,0.2711,,2.0302,0.1107
TATAG,0.6146,0.6658,0.1992,0.2163,,1.9326,0.0759
TATAT,0.6467,0.7040,0.1986,0.2161,,1.8917,0.0943
TATCA,0.6490,0.6729,0.2742,0.2843,,1.9069,0.1016
TATCC,0.6047,0.6394,0.2249,0.2386,,2.2052,0.1258
TATCG,0.6063,0.7881,0.2138,0.2803,,1.9213,0.1230
TATCT,0.6464,1.0385,0.2517,0.4093,,1.9399,0.1206
TATGA,0.6138,0.7203,0.2391,0.2815,,1.9937,0.1139
TATGC,0.5731,0.7031,0.1965,0.2422,,1.7377,0.0917
TATGG,0.5987,0.9851,0.2144,0.3582,,1.7301,0.0916
TATGT,0.6101,0.8286,0.2059,0.2826,,1.9983,0.1105
TATTA,0.6732,0.7067,0.3188,0.3349,,2.0305,0.1013
TATTC,0.6389,0.6959,0.2449,0.2678,,1.7374,0.0836
TATTG,0.6446,0.6986,0.2762,0.3009,,1.8530,0.0943
TATTT,0.6170,0.6476,0.2277,0.2390,,1.9586,0.0993
TCAAA,1.1655,1.3862,0.8311,0.9985,,2.0010,0.1243
TCAAC,1.2209,1.5806,0.9058,1.1889,,1.9144,0.1255
TCAAG,1.4284,2.0998,1.1243,1.6859,,1.8366,0.1148
TCAAT,1.2180,1.4960,0.8981,1.1143,,1.9469,0.1132
TCACA,1.0391,1.2809,0.7032,0.8717,,1.8877,0.1104
TCACC,0.9921,1.0949,0.6221,0.6910,,1.8372,0.1081
TCACG,1.2104,1.4531,0.8868,1.0745,,1.9343,0.1203
TCACT,1.0468,1.4269,0.7368,1.0157,,1.8218,0.1150
TCAGA,1.3061,1.7457,0.9999,1.3567,,2.1281,0.1206
TCAGC,1.3222,1.8241,0.9645,1.3550,,1.7613,0.0979
TCAGG,1.6735,3.0191,1.3835,2.5621,,1.8731,0.0909
TCAGT,1.4143,2.0415,1.0494,1.5408,,2.0669,0.0942
TCATA,1.5703,2.3970,1.2398,1.9367,,2.0517,0.1095
TCATC,1.4033,2.0819,1.0802,1.6387,,2.0392,0.1223
TCATG,1.8088,3.9080,1.5313,3.4178,,1.7952,0.1052
TCATT,1.3929,1.9681,1.0647,1.5306,,1.8969,0.1114
TCCAA,0.9094,1.0124,0.5926,0.6630,,1.8497,0.1159
TCCAC,0.8742,0.9047,0.5574,0.5775,,1.9336,0.1032
TCCAG,0.9553,1.1026,0.6204,0.7210,,1.8156,0.1029
TCCAT,0.9245,1.0269,0.5867,0.6548,,1.8744,0.1135
TCCCA,1.0606,1.1669,0.7717,0.8520,,1.6507,0.0857
TCCCC,0.9705,1.1283,0.6440,0.7522,,2.0839,0.0991
TCCCG,1.2339,1.3477,0.8817,0.9690,,2.9089,0.1561
TCCCT,1.0755,2.4350,0.7255,1.6634,,1.9860,0.0964
TCCGA,1.1021,1.2698,0.7879,0.9126,,1.9362,0.1159
TCCGC,1.0907,1.5499,0.7532,1.0881,,1.7144,0.1131
TCCGG,1.4078,1.9510,1.0736,1.5096,,1.6516,0.0959
TCCGT,1.1352,1.6070,0.8262,1.1881,,1.7989,0.0704
TCCTA,1.2662,1.6752,0.9735,1.3072,,1.8487,0.0963
TCCTC,1.2803,1.6649,0.9511,1.2564,,1.9129,0.0944
TCCTG,1.4700,2.3141,1.2199,1.9490,,1.8623,0.0980
TCCTT,1.1566,1.4378,0.8252,1.0382,,1.7961,0.0857
TCGAA,0.7501,0.7824,0.3967,0.4153,,1.8633,0.1442
TCGAC,0.7277,0.7603,0.3996,0.4186,,1.6256,0.1067
TCGAG,0.8626,0.9177,0.4923,0.5257,,2.2570,0.1262
TCGAT,0.7293,0.7761,0.3481,0.3720,,2.1164,0.1419
TCGCA,0.7680,0.7755,0.3931,0.3970,,2.2209,0.1250
TCGCC,0.7180,0.7304,0.3509,0.3581,,1.8710,0.1225
TCGCG,0.7744,0.8114,0.3669,0.3860,,1.9577,0.0961
TCGCT,0.7835,1.0799,0.4323,0.6032,,1.8168,0.1258
TCGGA,0.8602,0.8819,0.4671,0.4795,,1.6701,0.0664
TCGGC,0.6734,0.7239,0.3198,0.3454,,2.0813,0.1004
TCGGG,1.1312,1.3707,0.7456,0.9138,,1.8640,0.0996
TCGGT,0.7247,0.7897,0.4054,0.4454,,1.7282,0.1361
TCGTA,1.0685,1.2465,0.7186,0.8468,,2.1401,0.1211
TCGTC,0.9106,0.9628,0.5531,0.5867,,1.7134,0.0925
TCGTG,1.1520,1.4011,0.7995,0.9846,,1.9670,0.1192
TCGTT,0.8405,0.9321,0.5192,0.5792,,1.8911,0.1132
TCTAA,0.9096,1.0623,0.5936,0.6973,,1.8108,0.1133
TCTAC,0.9955,1.1061,0.6564,0.7333,,1.6217,0.0961
TCTAG,0.9417,1.1941,0.6070,0.7798,,1.6034,0.0982
TCTAT,0.9488,1.1705,0.5800,0.7239,,1.7778,0.0944
TCTCA,0.9573,1.0674,0.6164,0.6903,,1.7658,0.0989
TCTCC,0.9431,1.0889,0.5945,0.6921,,1.7578,0.1011
TCTCG,1.0982,1.5114,0.7038,0.9848,,2.4806,0.1319
TCTCT,0.9860,1.2617,0.6349,0.8204,,1.7546,0.1135
TCTGA,1.0380,1.2804,0.6951,0.8653,,2.1792,0.1292
TCTGC,1.1096,1.4608,0.7662,1.0220,,1.8363,0.1190
TCTGG,1.2901,1.8126,0.9760,1.3960,,1.8331,0.0981
TCTGT,1.0876,1.4308,0.7515,1.0014,,2.0639,0.1280
TCTTA,1.1428,1.3499,0.8242,0.9808,,1.5913,0.0910
TCTTC,1.0716,1.2776,0.7368,0.8860,,1.8833,0.1101
TCTTG,1.2328,1.6229,0.9227,1.2325,,2.0549,0.1197
TCTTT,0.9538,1.0791,0.6152,0.7008,,1.9432,0.1111
TGAAA,1.0454,1.2166,0.6936,0.8145,,2.3713,0.2640
TGAAC,1.0760,1.2679,0.7202,0.8556,,2.3217,0.2524
TGAAG,1.2893,1.6981,0.9785,1.3070,,2.0138,0.2276
TGAAT,1.0244,1.1812,0.6920,0.8037,,2.2033,0.2288
TGACA,0.8729,0.9138,0.5573,0.5851,,2.3497,0.2635
TGACC,0.9403,0.9873,0.5894,0.6206,,2.3449,0.2503
TGACG,1.1054,1.2175,0.7478,0.8290,,2.2673,0.2311
TGACT,0.8845,1.2241,0.5684,0.7920,,2.1764,0.2448
TGAGA,1.2067,1.5019,0.8686,1.0949,,2.0871,0.1902
TGAGC,1.1342,1.3894,0.7240,0.8988,,2.5651,0.2730
TGAGG,1.4541,2.0471,1.1352,1.6270,,2.2839,0.2044
TGAGT,1.2112,1.5588,0.8508,1.1071,,2.0883,0.1641
TGATA,1.4163,1.9338,1.0583,1.4700,,2.2785,0.2180
TGATC,1.1556,1.4773,0.8155,1.0560,,2.2872,0.2748
TGATG,1.5976,2.8362,1.2978,2.3671,,2.0802,0.2322
TGATT,1.1487,1.4136,0.8155,1.0154,,1.8974,0.1825
TGCAA,1.0173,1.0935,0.6960,0.7506,,2.3471,0.2268
TGCAC,0.9450,0.9831,0.5912,0.6169,,1.9758,0.1851
TGCAG,1.0396,1.1339,0.7118,0.7799,,2.1310,0.2090
TGCAT,0.9106,0.9421,0.5886,0.6098,,2.1323,0.1678
TGCCA,1.0086,1.0894,0.7445,0.8076,,2.1572,0.2401
TGCCC,0.9378,1.0160,0.6352,0.6915,,2.5441,0.2974
TGCCG,1.0813,1.2401,0.7783,0.9000,,2.0694,0.2508
TGCCT,0.9225,1.3892,0.5907,0.8953,,2.1033,0.2227
TGCGA,0.9454,0.9603,0.5810,0.5895,,2.3106,0.2279
TGCGC,0.8937,0.9806,0.4929,0.5445,,2.2603,0.2395
TGCGG,1.0459,1.1698,0.7141,0.8043,,2.2473,0.2254
TGCGT,0.9136,1.0050,0.5424,0.5994,,2.1127,0.1839
TGCTA,1.4690,2.0396,1.1891,1.6779,,2.1102,0.2531
TGCTC,1.2219,1.5288,0.9152,1.1592,,2.2281,0.2531
TGCTG,1.4960,2.6019,1.2082,2.1553,,2.0058,0.2753
TGCTT,1.0649,1.1918,0.7708,0.8678,,1.9276,0.2024
TGGAA,0.5751,0.5887,0.2250,0.2304,,2.1523,0.2160
TGGAC,0.5173,0.5395,0.1669,0.1746,,2.2439,0.2289
TGGAG,0.5975,0.6316,0.2358,0.2500,,2.0685,0.2109
TGGAT,0.5630,0.6192,0.1880,0.2080,,2.1530,0.2022
TGGCA,0.5832,0.5832,0.2129,0.2129,,2.1111,0.1958
TGGCC,0.5488,0.6010,0.2121,0.2334,,2.1967,0.2521
TGGCG,0.6630,0.6765,0.2564,0.2620,,2.2120,0.2511
TGGCT,0.6047,0.8772,0.2328,0.3401,,1.9659,0.2111
TGGGA,0.6411,0.6629,0.2721,0.2824,,2.2887,0.1807
TGGGC,0.5945,0.6422,0.2012,0.2182,,2.3941,0.2272
TGGGG,0.7671,0.7669,0.3831,0.3825,,1.8861,0.1622
TGGGT,0.5672,0.6610,0.2244,0.2627,,1.9368,0.1734
TGGTA,0.7688,0.7929,0.4024,0.4162,,2.0023,0.1994
TGGTC,0.5849,0.5973,0.2532,0.2592,,1.7469,0.1908
TGGTG,0.7807,0.8323,0.4230,0.4532,,1.8091,0.1895
TGGTT,0.5983,0.6127,0.2700,0.2769,,1.7503,0.1728
TGTAA,0.5985,0.6101,0.2119,0.2160,,2.2598,0.1595
TGTAC,0.5718,0.6160,0.2188,0.2366,,1.8878,0.1569
TGTAG,0.5949,0.7172,0.2037,0.2485,,2.3133,0.1867
TGTAT,0.5838,0.6427,0.2118,0.2331,,2.3277,0.1626
TGTCA,0.5823,0.5915,0.2515,0.2554,,2.1679,0.2008
TGTCC,0.5288,0.5529,0.2175,0.2277,,2.1855,0.2857
TGTCG,0.5671,0.5870,0.2294,0.2378,,1.8864,0.1992
TGTCT,0.5944,0.9595,0.2482,0.4071,,1.8418,0.2086
TGTGA,0.5791,0.6599,0.2079,0.2373,,2.2776,0.1958
TGTGC,0.5570,0.6394,0.1761,0.2017,,1.9702,0.1439
TGTGG,0.5728,0.7567,0.2004,0.2660,,2.1882,0.1671
TGTGT,0.5469,0.5774,0.1899,0.2011,,2.1016,0.1711
TGTTA,0.7329,0.7934,0.3949,0.4287,,1.9170,0.1736
TGTTC,0.6143,0.6362,0.2709,0.2809,,1.8338,0.1588
TGTTG,0.6594,0.7118,0.3311,0.3593,,1.8816,0.1694
TGTTT,0.5907,0.5913,0.2568,0.2572,,1.9237,0.1695
TTAAA,1.0440,1.2591,0.6865,0.8350,,2.0441,0.1111
TTAAC,1.0944,1.2228,0.7296,0.8206,,1.8474,0.1055
TTAAG,1.3209,1.8252,0.9432,1.3318,,1.8997,0.1069
TTAAT,1.1003,1.2907,0.7450,0.8815,,1.8211,0.1068
TTACA,0.8195,0.8701,0.4724,0.5029,,1.8275,0.0954
TTACC,0.8163,0.8481,0.4528,0.4719,,1.9591,0.1206
TTACG,0.9177,1.0518,0.5432,0.6278,,1.8804,0.0973
TTACT,0.7988,1.1743,0.4706,0.6963,,1.9634,0.1242
TTAGA,1.0343,1.1771,0.6794,0.7793,,2.0061,0.0972
TTAGC,0.9722,1.1407,0.5910,0.6993,,2.3124,0.1257
TTAGG,1.2848,2.2938,0.9163,1.6964,,2.0255,0.0629
TTAGT,1.0961,1.3886,0.6846,0.8818,,1.7474,0.0829
TTATA,1.2921,1.8203,0.9433,1.3540,,1.9016,0.0896
TTATC,1.3101,1.8435,0.9402,1.3484,,1.9452,0.0992
TTATG,1.6975,3.7450,1.3615,3.1293,,1.9426,0.0988
TTATT,1.1556,1.5303,0.7985,1.0736,,1.9018,0.1046
TTCAA,0.7636,0.7809,0.4148,0.4245,,1.9155,0.0980
TTCAC,0.6872,0.7217,0.3394,0.3577,,1.7777,0.0836
TTCAG,0.7434,0.7668,0.3847,0.3976,,1.9831,0.0913
TTCAT,0.7059,0.7430,0.3484,0.3667,,1.7567,0.0767
TTCCA,0.7771,0.8100,0.4536,0.4733,,1.7569,0.1024
TTCCC,0.7307,0.7481,0.3753,0.3840,,1.9766,0.0826
TTCCG,0.7960,0.8111,0.4924,0.5025,,1.6774,0.0891
TTCCT,0.7651,1.3981,0.3988,0.7333,,1.9039,0.0909
TTCGA,0.7146,0.7315,0.3779,0.3879,,1.9454,0.1050
TTCGC,0.6410,0.6920,0.2962,0.3220,,1.4838,0.0832
TTCGG,0.8358,0.9469,0.4605,0.5268,,1.6689,0.0849
TTCGT,0.7137,0.7137,0.3782,0.3782,,1.7865,0.0927
TTCTA,1.1217,1.3792,0.7928,0.9847,,1.9193,0.1027
TTCTC,1.0582,1.2914,0.6854,0.8443,,1.8904,0.0879
TTCTG,1.2841,2.3392,0.9478,1.7768,,1.8738,0.1183
TTCTT,0.9288,1.1090,0.5549,0.6677,,1.8714,0.0895
TTGAA,0.8313,0.8717,0.4795,0.5038,,1.8681,0.1307
TTGAC,0.8145,0.8764,0.4669,0.5048,,2.1387,0.1428
TTGAG,1.0767,1.3348,0.7007,0.8794,,1.9938,0.1042
TTGAT,0.8085,0.8701,0.4435,0.4796,,1.8535,0.1092
TTGCA,0.7776,0.7956,0.4082,0.4176,,1.7482,0.1037
TTGCC,0.7603,0.8105,0.4027,0.4309,,1.9136,0.1424
TTGCG,0.9996,1.1730,0.5816,0.6877,,2.2797,0.1125
TTGCT,0.8189,1.1873,0.4835,0.7069,,1.6678,0.1032
TTGGA,0.8261,0.8613,0.4660,0.4878,,1.9542,0.1128
TTGGC,0.6883,0.7103,0.3300,0.3414,,1.7913,0.1143
TTGGG,1.0735,1.3244,0.7013,0.8761,,1.9553,0.1224
TTGGT,0.7597,0.8391,0.4132,0.4583,,1.6957,0.1043
TTGTA,1.1533,1.4458,0.7936,1.0080,,1.8591,0.1051
TTGTC,1.0059,1.2098,0.6644,0.8063,,1.5994,0.1170
TTGTG,1.4897,2.3491,1.0864,1.7578,,2.0123,0.1016
TTGTT,0.9959,1.1840,0.6216,0.7465,,1.7708,0.0938
TTTAA,0.6404,0.6474,0.2692,0.2717,,1.8480,0.0985
TTTAC,0.6209,0.6214,0.2423,0.2426,,1.8100,0.0965
TTTAG,0.5835,0.5957,0.2097,0.2141,,1.9432,0.0941
TTTAT,0.6087,0.6317,0.2374,0.2462,,1.8805,0.0883
TTTCA,0.6207,0.6275,0.2726,0.2758,,2.0323,0.1043
TTTCC,0.5735,0.6296,0.2225,0.2442,,2.1002,0.1111
TTTCG,0.5303,0.5411,0.2036,0.2083,,1.9325,0.0908
TTTCT,0.5959,0.9625,0.2447,0.3964,,1.9043,0.1019
TTTGA,0.5807,0.5879,0.2305,0.2332,,1.9000,0.1161
TTTGC,0.5523,0.5589,0.1989,0.2016,,1.6746,0.0915
TTTGG,0.5617,0.5843,0.2197,0.2292,,1.8199,0.1017
TTTGT,0.5323,0.6257,0.1964,0.2315,,1.8671,0.1036
TTTTA,0.6848,0.7069,0.3188,0.3295,,2.0946,0.1062
TTTTC,0.6377,0.6529,0.2703,0.2770,,2.1441,0.1180
TTTTG,0.7045,0.7147,0.3284,0.3331,,1.8943,0.1169
TTTTT,0.5651,0.5745,0.1953,0.1983,,1.9786,0.1002